lat,lon,Name
-33.5215018,150.3932034,Gobsmacker Canyon
-33.5221018,150.3650034,Bowens Creek North (Upper)
-33.5358018,150.3879034,Bowens Creek South (Lower) ?
-33.5529018,150.3547034,Bowens Creek South (Upper)
-33.5486258,150.3605214,Hand Over Hand Canyon
-33.5475428,150.3669704,Hobnail Canyon
-33.5568238,150.3634694,Corkscrew Canyon
-33.5057964,150.4342466,Zircon Creek
-33.5049629,150.3987277,Waterfall Creek
-33.5452441,150.3635491,Ferny Cave
-33.5493241,150.3738665,Marihuana Canyon
-33.5510799,150.3560511,Corkscrew Canyon
-33.1224018,150.3297034,Coin Slot Canyon
-33.1336018,150.3148034,Bull Ant Canyon
-33.1515018,150.3079034,Freshwater Creek Canyon
-33.1325118,150.3458184,Woser's Canyon (RJ)
-33.1444318,150.3948551,Dingo Creek Gorge
-33.5554018,150.3924034,Ranon Brook
-33.5603018,150.4033034,Claustral Canyon
-33.5693018,150.4001034,Thunder Canyon
-33.5861908,150.4118764,King George Brook Canyon
-33.5938308,150.4092854,Buramin Canyon
-33.5805928,150.3825434,King George Brook Canyon
-33.5673959,150.4170668,Gaping Gill
-33.6026824,150.3834368,Explorers Brook
-32.9391018,150.2822034,Midwinter Canyon
-32.9525018,150.3192034,Blackboard Canyon
-32.9916018,150.2956034,Anaconda Canyon
-33.0009018,150.3070034,Boa Constrictor Canyon
-33.0207018,150.3075034,Bell Bird Canyon
-33.0229018,150.3674034,Brain Storm Canyon
-33.0273018,150.2795034,Camels Canyon
-32.9627938,150.3052994,Caveman Canyon RJ
-32.9427488,150.2859954,MR 461516
-32.9480438,150.2823984,MR 459510
-32.9652178,150.3169644,MR 492492
-32.9846228,150.3138314,Resurrection Canyon (RJ)
-32.9709358,150.2993264,Leatherface Canyon (RJ)
-32.9733948,150.3529764,Wave Canyon (RJ)
-32.9475178,150.3123534,Jumping Jacks Canyon (RJ)
-32.9285358,150.3263844,Ian's Canyon (RJ)
-32.9118228,150.3509074,MGA 523554 (RJ)
-32.9785708,150.3182234,Crucifiction Canyon (RJ)
-32.9789858,150.3534094,Never Ending Canyon (RJ)
-32.9623718,150.2795154,Grassy Canyon (RJ)
-32.9662718,150.3331614,Steam Shovel Canyon (RJ)
-32.9503978,150.2831854,Bridge Canyon (RJ)
-32.9428438,150.2860994,Greenup Canyon (RJ - MR 461516)
-32.9161138,150.2868364,Slippery Log Canyon (RJ)
-32.9107228,150.3377254,Fergie's Canyon (RJ)
-32.9623388,150.3276194,Squiggle Canyon (RJ)
-32.9898868,150.2903404,Snake Pit Canyon (RJ)
-33.0001918,150.3133644,Golgotha Canyon (RJ)
-33.0253218,150.3023724,Honey Pot Canyon (RJ)
-33.0171598,150.3587884,Pathway Canyon (RJ)
-33.0310338,150.3878784,Spiderman Canyon (RJ)
-33.0356898,150.3803704,Escapable Canyon (RJ)
-33.0072458,150.3135094,Wagtail Canyon (RJ)
-33.0049488,150.3638074,Donut machine Canyon (RJ)
-33.0277308,150.2879464,Jam Jar Canyon (RJ)
-33.0312368,150.3673824,Spider Baby Canyon (RJ)
-33.0122488,150.3082364,Groper's Canyon (RJ)
-33.0115968,150.3622864,Excalibur Canyon (RJ)
-33.0947778,150.3195164,Marathon Canyon (RJ)
-33.0867008,150.3568374,Pegleg Canyon (RJ)
-33.0606398,150.3451964,Trapped Canyon (RJ)
-32.9582459,150.3040001,Lunchtime Canyon
-33.6304018,150.3970034,Butterbox Canyon
-33.6445018,150.3593034,Fortress Canyon
-33.6589018,150.3467034,Arethusa Canyon
-33.6580018,150.3504034,Alpheus Canyon
-33.6592018,150.3294034,Jugglers Canyon
-33.6563018,150.3179034,Grand Canyon
-33.5702188,150.3290844,Yileen Canyon
-33.5543468,150.3261544,Wotta Canyon
-33.5462598,150.3242884,Birrabang Canyon
-33.5475588,150.3155064,Better Offer Canyon (Magnifying Glass)
-33.5397758,150.3095054,Dalpura Canyon
-33.5347048,150.2968594,Jungaburra Canyon
-33.5301978,150.2806934,Koombanda Canyon
-33.5921398,150.3041804,Crayfish Creek Canyon
-33.5934518,150.3204104,Hat Hill Canyon
-33.5801268,150.3540384,Oronga Canyon
-33.5221502,150.2919859,Kamarah Gully
-33.5753714,150.3406834,Sarcophagus Canyon
-33.9154018,150.1986034,Moko Creek Canyon
-33.9239018,150.1140034,Davies Canyon
-33.9345018,150.1171034,Carrabeanga Canyon
-33.9481018,150.1230034,Thurat Rift
-33.9672018,150.1087034,Danae Brook
-33.9809018,150.0991034,Kanangra Main
-33.9843018,150.1089034,Kalang Falls
-33.9978018,150.1140034,Arabanoo Canyon
-34.0027018,150.0909034,Dione Dell
-34.0098018,150.0955034,Christys Creek
-34.0206018,150.0664034,Wheengee Whungee Creek Canyon
-34.0438018,150.0498034,Doris Creek Canyon
-33.3396018,150.3076034,Deep Pass Canyon
-33.3262628,150.3481804,Harmonic Bells Canyon
-33.3341048,150.3456004,Harmonic Convergence Canyon (RJ)
-33.3248608,150.3454224,Rock Hill Canyon (RJ)
-33.3439038,150.3661704,Sandy Cave Canyon (RJ)
-32.9384018,150.3806034,CJs Canyon
-32.9751818,150.3815324,Hot Cross Canyon (RJ)
-32.9706098,150.3923104,Untamed Canyon (RJ)
-32.9496328,150.3803394,Nude Canyon (RJ)
-32.9015708,150.3737424,Execution Canyon (RJ)
-32.9768018,150.3784114,Clutter Box Canyon (RJ)
-32.9587918,150.3907504,Cricket Canyon (RJ)
-33.3654948,150.3283914,Gateway Canyon
-33.3990368,150.3477784,Deep Throat Canyon
-33.3613018,150.3390034,Banks Canyon
-33.3716848,150.3334914,Hole in the wall Canyon
-33.4130018,150.2299034,Bungleboori South Canyon
-33.3853018,150.3619034,Bjelkes Mind Canyon
-33.3888018,150.3575034,Bridge Canyon
-33.3938018,150.3524034,Cannons Canyon
-33.4001018,150.3400034,Arch Canyon
-33.4102018,150.3095034,Arthurs Canyon
-33.3697148,150.3597534,Crikey Canyon
-33.4082288,150.3318704,Luna Park Canyon
-33.4002728,150.3167814,Scatters Canyon
-33.4021638,150.3323114,Dead Tree Canyon
-33.3992908,150.3453424,Four Dope Canyon
-33.3960438,150.3554584,Whip Bird Canyon
-33.3793678,150.3522884,Froth and Bubble Canyon
-33.3653828,150.3476524,Fortitude Canyon
-33.3648198,150.3429314,Nosedive Canyon
-33.3642858,150.3351354,North East Canyon
-33.3768868,150.3188854,Popeye Canyon
-33.3770748,150.3776874,Four-Man Canyon
-33.4540338,150.3656534,Scrub Bash Canyon (RJ)
-33.4550348,150.3904444,Interesting Creek (RJ)
-33.4576658,150.3529464,Sidewinder Canyon (RJ)
-33.4413548,150.3517354,Puzzle Canyon (RJ)
-33.4459118,150.3812844,Up Ya Crack Canyon (RJ)
-33.4365238,150.3834024,Up Ya Bum Canyon (RJ)
-33.4268338,150.3054014,Dumbano North Branch (RJ)
-33.4059558,150.3846614,Tunnel Canyon (RJ)
-33.4291698,150.3262824,Cesspit Canyon (RJ)
-33.4303598,150.2621074,Crystal Pools Canyon (RJ)
-33.4167468,150.2889824,Stick Canyon (RJ)
-33.4384469,150.3691316,Captain's Canyon (RJ)
-33.4352849,150.427948,Short Creek (RJ)
-33.40168148,150.3231908,Hailstorm Retreat
-33.2870948,150.1582254,Sunnyside Canyon
-33.2877738,150.1843714,Waterecho Canyon
-33.2925918,150.2035944,Zorro Canyon
-33.2972768,150.2065644,Pleasant View Canyon
-33.2876338,150.1599094,Wombat Canyon
-33.1559018,150.2844034,Newness / Starlight Canyon
-33.1795018,150.2764034,Firefly Canyon
-33.1985018,150.2763034,Hartleys Mistake Canyon
-33.2069018,150.2712034,Bigfoot Canyon
-33.2214018,150.2527034,Tiger Snake Canyon
-33.2310018,150.3526034,Inverse Canyon
-33.2477018,150.3800034,Bull Ring Canyon
-33.2383018,150.3029034,Heart Attack Canyon
-33.2456018,150.3200034,Contradiction Canyon
-33.2691018,150.3228034,Thunderstorm Canyon
-33.2721018,150.2991034,Breakfast Creek Canyon
-33.2810018,150.2936034,Coachwood Canyon
-33.2890388,150.2954064,Rocky Creek Canyon
-33.2876018,150.2864034,Twister Canyon
-33.2401558,150.2268784,Bells  Grotto
-33.2559898,150.2101274,The Dry Canyon
-33.2513578,150.3032114,Galah Canyon
-33.2596948,150.3080234,Closet Canyon
-33.2266808,150.2915404,Surefire Canyon
-33.1802918,150.2821924,Looking Glass Canyon
-33.1647908,150.2660054,Pipeline Canyon
-33.1654608,150.2727234,Nightmare Canyon
-33.1643828,150.2804864,Devils Pinch Canyon
-33.2482338,150.3610264,Reverse Canyon
-33.2166648,150.3348264,Bull Race Canyon
-33.1864478,150.2985144,Twilight Canyon
-33.2114038,150.3475224,Little Dingo Canyon
-33.2413658,150.3574284,Lyrebird Canyon
-33.2620518,150.3612364,Disappointment Canyon
-33.1492998,150.2956484,False Teeth Canyon (RJ)
-33.2114338,150.2551604,Constance Gorge Walk
-33.2773998,150.3099184,Quick Dip Canyon (RJ)
-33.2846998,150.3100924,Ferny Canyon (RJ)
-33.2591548,150.3098484,Tea Time Canyon ? (RJ)
-33.2772578,150.2622024,Upper Deanes Creek Canyon
-33.1618892,150.265839,Drainpipe Canyon
-33.224438,150.2449655,Penrose Gully
-33.2166168,150.2455574,Windows
-33.213153,150.2479851,Hole in the Rock
-33.3117096,150.2693603,Sheep Dip Canyon
-33.4757018,150.3742034,Whungee Wheengee Canyon
-33.4837018,150.3676034,Water Dragon Canyon
-33.4871018,150.3743034,Wollangambe 2 Canyon
-33.4933488,150.3808884,Serendipity Canyon
-33.4889018,150.3588034,Wollangambe 1 Canyon
-33.4999018,150.3371034,Bell Creek Canyon
-33.5011018,150.3360034,Belfry Canyon
-33.4775508,150.3847404,Waterfall of Moss Canyon
-33.4847748,150.3551144,Horshoe Canyon
-33.4861388,150.3518984,Geronimo Canyon
-33.5117808,150.3422214,Clatterteeth Canyon
-33.4997228,150.3516154,Du Faur Canyon
-33.4953638,150.3566714,Joe's Canyon
-33.4871958,150.3965364,Wollangambe Lower Section
-33.4562038,150.2695024,Gooch's Canyon (RJ)
-33.4719344,150.3960649,Old Man Canyon
-33.5031982,150.3358653,Little Bell
-33.482182,150.3400807,Whirlpool Canyon
-31.1033349,151.9075034,Apsley Gorge
-31.0497239,151.7691704,Apsley Falls
-30.5438909,151.8908364,Bakers Creek
-31.2077799,152.2186144,Hastings River Canyon
-30.6736129,151.7283364,Mihi Gorge
-30.5775019,152.1983364,Styx River
-30.5336129,152.0452814,Wollomombi Gorge
-32.0986128,151.6000034,Gloucester Falls
-31.9255578,151.3875034,Polblue Falls
-32.1019458,151.5977814,Emperor Falls
-32.0755578,151.4850034,Williams River
-30.3341689,152.8936144,Gleniffer Canyon
-30.3613909,152.7988924,Rosewood Canyon
-30.2950019,152.9200034,Bangalore Canyon
-29.5208349,152.3705594,Dandahra Canyon
-30.3205579,152.9352814,Urumbilum Canyon
-30.2569459,152.9158364,Wayper Canyon
-30.3686129,152.7875034,Sassafrass
-29.4594459,152.3372254,Coombadjha Creek
-29.5202799,152.3700034,Dandahra Falls
-30.0400019,152.6786144,Clouds Creek
-28.4797239,153.3508364,Hell Hole Falls
-28.4680579,152.7400034,Ironpot Creek Canyon
-28.4058349,153.1111144,Lynchâ€™s Creek
-28.5819459,153.3172254,Mackay's No4
-28.4600019,153.3166704,Nilla Nilla Gorge
-30.3086129,152.5275034,Silent Pool
-34.7950018,149.9994474,Jerrara
-35.6397238,148.3488924,Landers Falls
-34.8513908,150.0366704,Spring Creek (Bungonia)
-34.8477798,150.0297254,Long Gully
-34.8011128,150.0005594,Bungonia Main
-36.3936127,148.2733364,Lady Northcote
-36.2241688,149.5205594,Tuross Falls Canyon
-35.2380578,148.7566704,Waterfall Creek (Brindabella)
-34.1775018,150.0852814,Bindook Chasm
-34.8436128,150.0450034,Fordham
-34.3088908,149.9502814,Mares Forest Creek
-36.0105578,148.3441704,Sunken Treasure
-35.6158348,148.3313924,Talbingo Rift
-36.6766687,148.2361144,Tin Mine falls
-33.2043018,150.5376034,Wounded Knee Canyon
-32.5972018,150.1158034,Box (Corrongooba) Canyon
-33.3447018,150.2396034,Alcatraz Canyon
-33.4862018,150.2511034,Dargans Creek Canyon
-33.6842018,150.3873034,Ashcroft Ravine
-33.7200018,150.3625034,Empress Canyon
-33.8161018,150.0929034,Hellgate Canyon
-33.8062018,150.1655034,Jenolan Canyon
-33.9858018,149.9869034,Kowmung Gorge
-33.9452018,149.9970034,Box Creek Canyon
-32.7956478,150.3466794,Coricudgy Creek (RJ)
-32.7533298,150.3495854,Pinnacle Creek (RJ)
-33.2011228,150.2310874,Minotaur Lair Canyon (RJ)
-33.3166362,150.3024993,River Caves
-33.7853396,150.3894197,Waterfall Creek
-33.7387915,150.3919831,Great Uncle George Canyon
-34.5646632,150.6733897,Cascade Falls
-34.5719934,150.6465723,Macquarie Pass
-34.6150325,150.6227246,Watta Canyon
-34.6337618,150.7038437,Minnamurra Canyon
-34.6780101,150.3068698,Fairy Bower Falls
